{"cameraMode":{"drawMode":0,"name":"Shaded","section":"Shading Mode"},"sceneLighting":true,"audioPlay":false,"sceneViewState":{"m_AlwaysRefresh":false,"showFog":true,"showSkybox":true,"showFlares":true,"showImageEffects":true,"showParticleSystems":true,"showVisualEffectGraphs":true,"m_FxEnabled":true},"in2DMode":false,"pivot":{"x":-32.66917037963867,"y":9.04416275024414,"z":32.99314498901367},"rotation":{"x":0.001729155657812953,"y":0.9979553818702698,"z":-0.024251624941825868,"w":0.06143501028418541},"size":20.643587112426759,"orthographic":false}