{"cameraMode":{"drawMode":0,"name":"Shaded","section":"Shading Mode"},"sceneLighting":true,"audioPlay":false,"sceneViewState":{"m_AlwaysRefresh":false,"showFog":true,"showSkybox":true,"showFlares":true,"showImageEffects":true,"showParticleSystems":true,"showVisualEffectGraphs":true,"m_FxEnabled":true},"in2DMode":false,"pivot":{"x":28.552724838256837,"y":-27.56374740600586,"z":-321.13812255859377},"rotation":{"x":0.40529948472976687,"y":0.36688682436943056,"z":-0.17160598933696748,"w":0.8218609094619751},"size":84.68252563476563,"orthographic":false}