{"cameraMode":{"drawMode":0,"name":"Shaded","section":"Shading Mode"},"sceneLighting":true,"audioPlay":false,"sceneViewState":{"m_AlwaysRefresh":false,"showFog":true,"showSkybox":true,"showFlares":true,"showImageEffects":true,"showParticleSystems":true,"showVisualEffectGraphs":true,"m_FxEnabled":true},"in2DMode":false,"pivot":{"x":-0.8245383501052856,"y":0.5118889808654785,"z":0.731735110282898},"rotation":{"x":-0.16657155752182008,"y":-0.7598271369934082,"z":0.21422772109508515,"w":-0.5907928347587586},"size":19.967670440673829,"orthographic":false}