{"cameraMode":{"drawMode":0,"name":"Shaded","section":"Shading Mode"},"sceneLighting":true,"audioPlay":false,"sceneViewState":{"m_AlwaysRefresh":false,"showFog":true,"showSkybox":true,"showFlares":true,"showImageEffects":true,"showParticleSystems":true,"showVisualEffectGraphs":true,"m_FxEnabled":true},"in2DMode":false,"pivot":{"x":0.5157544016838074,"y":0.7120559811592102,"z":-4.555406093597412},"rotation":{"x":0.0060623399913311008,"y":0.9916231632232666,"z":-0.13826628029346467,"w":0.02801254764199257},"size":5.211508274078369,"orthographic":false}