{"cameraMode":{"drawMode":0,"name":"Shaded","section":"Shading Mode"},"sceneLighting":true,"audioPlay":false,"sceneViewState":{"m_AlwaysRefresh":false,"showFog":true,"showSkybox":true,"showFlares":true,"showImageEffects":true,"showParticleSystems":true,"showVisualEffectGraphs":true,"m_FxEnabled":true},"in2DMode":false,"pivot":{"x":-57.15620803833008,"y":3.612041473388672,"z":-209.03990173339845},"rotation":{"x":0.26732558012008669,"y":0.08284053951501847,"z":-0.02165851928293705,"w":0.9610607624053955},"size":18.181961059570314,"orthographic":false}