{"cameraMode":{"drawMode":0,"name":"Shaded","section":"Shading Mode"},"sceneLighting":true,"audioPlay":false,"sceneViewState":{"m_AlwaysRefresh":false,"showFog":true,"showSkybox":true,"showFlares":true,"showImageEffects":true,"showParticleSystems":true,"showVisualEffectGraphs":true,"m_FxEnabled":true},"in2DMode":false,"pivot":{"x":0.09999999403953552,"y":1.1408195495605469,"z":1.3844964504241944},"rotation":{"x":-0.030623752623796464,"y":0.9657379388809204,"z":-0.2339673489332199,"w":-0.11876896768808365},"size":2.2143373489379885,"orthographic":false}