{"cameraMode":{"drawMode":0,"name":"Shaded","section":"Shading Mode"},"sceneLighting":false,"audioPlay":false,"sceneViewState":{"m_AlwaysRefresh":false,"showFog":true,"showSkybox":false,"showFlares":true,"showImageEffects":true,"showParticleSystems":true,"showVisualEffectGraphs":true,"m_FxEnabled":true},"in2DMode":false,"pivot":{"x":1.0001035928726197,"y":2.7306647300720217,"z":-0.014293119311332703},"rotation":{"x":-0.201483353972435,"y":0.03171704709529877,"z":-0.006485567428171635,"w":-0.9798476099967957},"size":2.90989089012146,"orthographic":false}