{"cameraMode":{"drawMode":0,"name":"Shaded","section":"Shading Mode"},"sceneLighting":false,"audioPlay":false,"sceneViewState":{"m_AlwaysRefresh":false,"showFog":true,"showSkybox":false,"showFlares":true,"showImageEffects":true,"showParticleSystems":true,"showVisualEffectGraphs":true,"m_FxEnabled":true},"in2DMode":false,"pivot":{"x":-0.09128580987453461,"y":2.690953016281128,"z":-0.014292307198047638},"rotation":{"x":-0.23157860338687898,"y":0.46011173725128176,"z":-0.12568175792694093,"w":-0.8488717079162598},"size":2.702242374420166,"orthographic":false}