{"cameraMode":{"drawMode":0,"name":"Shaded","section":"Shading Mode"},"sceneLighting":false,"audioPlay":false,"sceneViewState":{"m_AlwaysRefresh":false,"showFog":true,"showSkybox":false,"showFlares":true,"showImageEffects":true,"showParticleSystems":true,"showVisualEffectGraphs":true,"m_FxEnabled":true},"in2DMode":false,"pivot":{"x":0.19288629293441773,"y":4.000013828277588,"z":3.000000476837158},"rotation":{"x":-0.022013679146766664,"y":0.8473122119903565,"z":-0.03297428414225578,"w":-0.5316316485404968},"size":4.878535747528076,"orthographic":false}