{"cameraMode":{"drawMode":0,"name":"Shaded","section":"Shading Mode"},"sceneLighting":false,"audioPlay":false,"sceneViewState":{"m_AlwaysRefresh":false,"showFog":true,"showSkybox":false,"showFlares":true,"showImageEffects":true,"showParticleSystems":true,"showVisualEffectGraphs":true,"m_FxEnabled":true},"in2DMode":false,"pivot":{"x":0.09682342410087586,"y":2.69095516204834,"z":-0.014292553067207337},"rotation":{"x":-0.201483353972435,"y":0.03171704709529877,"z":-0.006485567428171635,"w":-0.9798476099967957},"size":2.7027130126953127,"orthographic":false}