{"cameraMode":{"drawMode":0,"name":"Shaded","section":"Shading Mode"},"sceneLighting":false,"audioPlay":false,"sceneViewState":{"m_AlwaysRefresh":false,"showFog":true,"showSkybox":false,"showFlares":true,"showImageEffects":true,"showParticleSystems":true,"showVisualEffectGraphs":true,"m_FxEnabled":true},"in2DMode":false,"pivot":{"x":0.000046350061893463135,"y":-1.0995869636535645,"z":2.993873119354248},"rotation":{"x":0.16901731491088868,"y":0.8243821263313294,"z":-0.31338608264923098,"w":0.4427656829357147},"size":3.1075069904327394,"orthographic":false}