{"cameraMode":{"drawMode":0,"name":"Shaded","section":"Shading Mode"},"sceneLighting":false,"audioPlay":false,"sceneViewState":{"m_AlwaysRefresh":false,"showFog":true,"showSkybox":false,"showFlares":true,"showImageEffects":true,"showParticleSystems":true,"showVisualEffectGraphs":true,"m_FxEnabled":true},"in2DMode":false,"pivot":{"x":0.23643361032009126,"y":0.17641538381576539,"z":0.06803369522094727},"rotation":{"x":0.17770294845104218,"y":0.8222315311431885,"z":-0.4117017388343811,"w":0.3539537787437439},"size":1.181610345840454,"orthographic":false}