{"cameraMode":{"drawMode":0,"name":"Shaded","section":"Shading Mode"},"sceneLighting":false,"audioPlay":false,"sceneViewState":{"m_AlwaysRefresh":false,"showFog":true,"showSkybox":false,"showFlares":true,"showImageEffects":true,"showParticleSystems":true,"showVisualEffectGraphs":true,"m_FxEnabled":true},"in2DMode":false,"pivot":{"x":0.35079288482666018,"y":4.000001907348633,"z":0.0000025779008865356447},"rotation":{"x":0.04686093330383301,"y":0.9271031022071838,"z":-0.3552258312702179,"w":0.12050895392894745},"size":4.505593299865723,"orthographic":false}