{"cameraMode":{"drawMode":0,"name":"Shaded","section":"Shading Mode"},"sceneLighting":false,"audioPlay":false,"sceneViewState":{"m_AlwaysRefresh":false,"showFog":true,"showSkybox":false,"showFlares":true,"showImageEffects":true,"showParticleSystems":true,"showVisualEffectGraphs":true,"m_FxEnabled":true},"in2DMode":false,"pivot":{"x":-38.599998474121097,"y":46.150001525878909,"z":-178.06430053710938},"rotation":{"x":0.005684278439730406,"y":0.9813619256019592,"z":-0.19472181797027589,"w":0.01932273805141449},"size":1.2397468090057374,"orthographic":false}