{"cameraMode":{"drawMode":0,"name":"Shaded","section":"Shading Mode"},"sceneLighting":false,"audioPlay":false,"sceneViewState":{"m_AlwaysRefresh":false,"showFog":true,"showSkybox":false,"showFlares":true,"showImageEffects":true,"showParticleSystems":true,"showVisualEffectGraphs":true,"m_FxEnabled":true},"in2DMode":false,"pivot":{"x":3.0004634857177736,"y":2.7306630611419679,"z":3.0000250339508058},"rotation":{"x":0.010865048505365849,"y":0.6497526168823242,"z":0.008995089679956437,"w":-0.7612584233283997},"size":5.465576648712158,"orthographic":false}