{"cameraMode":{"drawMode":0,"name":"Shaded","section":"Shading Mode"},"sceneLighting":false,"audioPlay":false,"sceneViewState":{"m_AlwaysRefresh":false,"showFog":true,"showSkybox":false,"showFlares":true,"showImageEffects":true,"showParticleSystems":true,"showVisualEffectGraphs":true,"m_FxEnabled":true},"in2DMode":false,"pivot":{"x":9.000005722045899,"y":2.0000221729278566,"z":-3.000002861022949},"rotation":{"x":0.0035980558022856714,"y":-0.06708565354347229,"z":0.0001709089265204966,"w":0.9977734088897705},"size":5.284177303314209,"orthographic":false}