{"cameraMode":{"drawMode":0,"name":"Shaded","section":"Shading Mode"},"sceneLighting":false,"audioPlay":false,"sceneViewState":{"m_AlwaysRefresh":false,"showFog":true,"showSkybox":false,"showFlares":true,"showImageEffects":true,"showParticleSystems":true,"showVisualEffectGraphs":true,"m_FxEnabled":true},"in2DMode":false,"pivot":{"x":0.20993053913116456,"y":3.900057792663574,"z":0.0001447051763534546},"rotation":{"x":0.16901731491088868,"y":0.8243821263313294,"z":-0.31338608264923098,"w":0.4427656829357147},"size":4.603901386260986,"orthographic":false}